619380857;;hello
619380857;;
619380857;;hello
619380857;;hello
619380857;Array;HELLO
619380857;admin;hello
619380857;admin;
619380857;admin;
1708875557;admin;"gthdsq rjvtynfhbq"
156414023;admin;"комментария
"
413771592;admin;heollo
27262815;admin;rvtyn
27262815;admin;kj[
413771592;admin;rjvtynsndnsadnskja
335457985;admin;comment
335457985;admin;
335457985;admin;"rfjodjcjdjc;ksk"
1829704708;admin;"хелло
"
1829704708;admin;"коммент длинный 
"
1829704708;;rjvtyidzhckdsh
1776434304;admin;commnts
1829704708;;,fpfpfpfpfpfpfppf
1109457856;baha;lox
549570383;admin;"комент мой"
766767327;admin;"Это коммент для статьи"
